predictor_1,predictor_2,predictor_3,predictor_4,predictor_5,target
-0.19136242697572295,-0.6314409120858757,1.1168240618392895,1.0266937931158049,0.2977675017754739,2.686715182067277
-0.7369519361163479,-0.5027348997935495,-0.4551664197973626,1.4593998839798517,-0.36934281936337987,-0.6401505460723727
-1.5590070475083693,-0.11253959083069909,0.8173911301070914,-0.19202749258718343,1.83171723461473,-1.737791607715752
1.2830444929754619,0.22569996073906556,-1.425749137544341,1.7487544795354886,1.357174988893182,2.971495065943956
-0.25163255328139517,0.19554517238697283,-0.5084586913156968,1.2106759292536364,-0.28078455159439436,-2.110672730925186
-1.758469483456473,-1.2091395851831719,-0.7081409579636764,-0.5997842770077675,0.004336743253961473,-2.8794916923177576
-0.38461027157067995,-0.28975417277426285,0.2322910733662902,-0.6993355175466981,-0.7418270477189375,0.5032316073576468
-0.971724454714745,-0.15086111428822696,1.3135823713001729,-0.46366489411902895,0.3207802487559368,0.2443693967733378
-1.3226598780115546,0.8027419878008973,1.326570158270119,-0.7991189384,-1.1637731231357145,-3.2465926498484343
1.1774579708153277,1.8810793309629164,2.4405691907216602,-0.32014049633283176,-0.2526428410611003,2.6181028305966763
-1.8181651877603318,-1.0935983433141692,-0.6418092596756692,0.3075702239809479,0.5640858191626875,-5.224716598514244
-2.918224191618228,-0.494781190032615,0.34949858885606394,-1.7691970101165204,1.422942199883508,-9.198782618045179
0.15181946719478567,-0.20688479769621904,0.6413572651380748,0.5215928721688478,-1.530013205875313,1.8507091174213324
0.25329900384660786,-0.28051805203844354,-0.9770476590267378,-0.6356739657071432,-2.381682472918418,1.520432422833926
-0.5244491029655485,-0.155974522659965,-1.2427401083829674,-0.3004799554582363,1.8272478016971634,-2.1235590475694113
-0.9103497831500691,-2.209201776824627,-1.089708951328908,0.2944915153923307,0.0052972047949078685,1.096026613507111
-0.18848543206976553,-0.8180222195174948,-0.32109481645964527,1.2727559651962557,0.3384221555454492,0.8334900797686682
-0.14567826177297077,-1.7863756837143017,-0.803878303078371,3.1185604354009686,-0.06804671358862341,3.5690014289767866
0.9135519767228201,-0.03885237097884103,1.089865562473107,-0.6314206926522047,0.590076235665556,3.2356101309868275
1.299905314438938,1.4074217533824789,1.0892174808519963,0.29291945315198215,-0.3304462971403161,1.2689109808722778
-0.2962860085638028,0.8493835806463307,-1.3416984345523246,-0.2506659423372594,-1.2576865051990953,-5.38460573349771
-1.2094631890970482,0.05815904748237388,0.5230300702057535,0.658276991705438,-0.485304093117162,-2.106312768336734
-1.6532326936784898,-0.5015437745497957,-0.9227900444802469,1.3585975643629409,-0.738546612449235,-4.710404530057872
0.4548470252203621,-0.43592577103852337,0.45335503153697787,-1.0371572155264233,0.05272329602743615,1.5378852122214495
-0.030204889023364025,1.1821693496596075,0.225769375101168,-0.4173376968233858,-1.5263484317122573,-3.3703084478168437
-0.5206271032002019,0.0352546289235226,2.2589115148265377,-0.17891134122984972,-0.17693124488405304,0.2879213149857065
-0.5051422861225351,0.1371863441544553,-0.39186803448035307,-1.1269149155678826,0.04132070519554945,-2.2125998742883257
0.16571647249741792,-0.10293058669787436,-0.6052846788875158,1.849994021868697,1.538472560041877,0.9303778032891667
1.6682879594558455,1.4519426655952805,-0.4653410334318559,1.0286767726645083,-1.1237157713147539,1.4550494686547701
0.058164203836113,-0.5174714748460421,0.8468903286279209,-0.3653909037384144,-1.6325432035202376,2.222134661889775
-1.478477119728128,-0.07896224194098755,1.345181555095593,0.13242205718159683,-0.17178622585989206,-3.367233941016378
-0.21875588358100814,-0.7563159553113131,1.2532794420062991,0.4879454981985484,-0.50733028617033,3.1801820442854396
-0.4830039602086936,-2.196651888564457,-0.11096198251191869,0.40794881984983583,-0.17398302418879497,4.086354223322875
1.1098139801632165,0.17187153119067394,0.7809297712799563,-1.192770198395209,-0.057716644861960355,2.3175068439728874
0.18393184792504774,0.685080726710666,-0.08032983277362346,-0.17916824900906314,-0.03043346396951778,-1.3160837786051651
0.9533687699626919,0.6086645048482986,-0.5225167804611449,0.15847542467790318,0.15167281800058197,1.2238556194340475
1.4451078749059776,1.3392446145711958,0.635471201991631,-2.4976561324290287,0.5527287723451844,1.5517930948648955
0.05111157791279174,-0.30702509823835794,-0.3567329923254152,0.5617741743678546,0.2754297438594326,0.4761479377355138
-0.5200655774050571,0.1549936155246254,-0.9222476435097487,0.2371695901794638,-0.18268344258825142,-4.312034738959773
-0.3555894050633129,-0.9356259153528294,0.36380978299849703,0.663054457554071,-2.388691181077992,1.3561501894102095
0.7825879772903458,-1.2376769290122243,-0.3530401592634535,0.8824341784049876,-0.3440301771062935,3.4151024378664863
0.5717568465865175,0.6760011037103355,-0.18820433653292606,-0.6956210666726128,-0.9308733056920361,-0.5633957393022664
0.07715225287176325,1.4331752573407928,0.97177138715814,-0.10014836673876651,-0.23399294858868372,-1.9917195127890683
0.19885696139217315,0.5376854261085593,0.8853416164425982,-0.23452993648058107,-0.8637271597784411,0.9469611019480605
0.9144793627805503,0.6103996111764257,-0.3530291300450744,-0.737067933708355,-0.4954689027417172,1.011831426181476
-0.7079728978946646,0.43238494146691214,-1.2173541958172491,-1.7017293100870627,-0.7412326194135683,-5.881055776261356
1.2774754848014203,1.1296615486682131,2.0794262696935246,-0.5005746279571726,0.6237541545671621,4.143113649224689
1.7105191960826789,0.41420829838135725,-0.5802891975132345,1.021932277641088,0.6278434583857083,3.6780658152149255
0.24031443255289514,-0.7723748888351284,-0.9201557851369335,-0.7870155814084071,0.9609227135251419,0.3129841962106832
0.46501266333541197,2.8775915218210826,-0.015306598700515995,0.9459047626865233,-0.3941340461349213,-5.0934354903344055
-1.0384964379713004,-0.6367305365847729,0.52954952116748,-0.02743415808468493,-0.5605198619021614,-0.7920022843824763
-0.96582476607249,0.3487686148826145,-1.79152193281752,1.9260819384697445,0.15918984842875464,-4.177076333450178
-0.38518556684073807,0.8135383183265028,-0.7895806551129309,-0.6082801261218558,-0.23664346762271501,-4.934429119683032
-0.9999743388788179,-1.5744159210804822,-0.8396764309112928,1.2689960992345737,0.26871740827803164,0.3548406396470766
-0.5654153893124112,-0.5353243397459824,-0.8013031975993862,0.07716456125316912,-0.8927103439839397,-1.0430243545916973
-1.1393745641181738,0.6006506626850749,-0.5057134044261533,-2.5639432173615577,0.7361547533063912,-6.29394571631037
0.933306316923453,0.5854646443238085,-0.5977760133825004,-0.07964647408032535,-0.8964576386785,0.7549197037374766
-0.9767510629767605,0.951928214360879,1.6608105212129718,-0.493684682782699,-0.17612006488815185,-3.260945288917429
-0.6602810059834248,0.9453010382143456,-0.09006946623631032,1.9962268823694835,-0.49335131572598206,-4.292848689843531
-0.1453172419184755,0.19326151141392212,-0.1748095475667085,-0.7168567798436591,-1.3833361628505698,-1.9399392145258716
1.0210329860305747,-1.1869519909655821,1.709370837961743,0.6118836395948324,0.8416995786623115,6.297410924387048
1.723883317057128,0.66026075918952,0.6161514800356002,0.4627915268105713,0.1644986423396565,3.1399844933675554
2.2426462116484847,1.380235592855949,-1.1142274241398833,-1.1443256559742416,-0.871013301437408,1.545496731961664
-0.7694553771822007,0.6911477043478086,0.24384076573626223,1.2567647074889567,-0.9037283646690488,-2.677454588526769
2.068242322330622,0.08827126970053223,-1.4864625055442036,-0.8901805100890932,0.27716830186099695,2.934963877916647
-1.2715865119855465,-1.6463048736788766,1.1968625393532821,-0.05957959287776633,0.11871989491260218,2.385740057049433
1.5015648079316135,0.5534457269325631,-0.029426689870547376,1.2778221591098573,-0.053526822634628664,4.307783599116485
-1.0823110086629821,-0.6946144262558654,0.5782346045794768,0.4569265187644583,-2.3297975066625596,-0.6341883183722417
1.055682853612111,0.4160380243761901,0.47916466389322127,-0.26447812033881823,-0.3298196630208095,4.3104817439592775
-1.3052003130615462,-0.0022323254808213067,1.045568798887683,-0.34927671239105273,-0.7100169530136726,-1.4463517624768387
1.7536139057704492,-0.3437789649502201,1.1824311945606347,-0.1726695311676731,0.3498871253945981,8.352154744017302
-0.4565192150127746,-0.5204495336678743,0.8818348445169236,0.8907042143560012,-0.5172600071051969,1.1953787588290392
-1.145389301418246,-1.178351112989454,-1.070063381180513,0.9656844420441475,0.8239123298032286,-2.756721589491745
-1.1903901098762442,-1.1850226677443065,0.3188451274610869,-0.20433361384428245,-0.4390367648542406,-0.5741818201141953
-0.05723584118961657,0.463556180636318,-1.539169071914526,0.15565169039410695,-1.4114568441279827,-3.6108345096459287
-0.5710203143244419,-0.139671034846177,-0.3887620155082349,0.8470604193939885,0.04743792354622816,-1.2410287157564315
-0.10996006482720512,1.7553950862431718,0.15648786389584224,-0.8632866662925547,1.3230308762383558,-4.621574458474733
-1.2320191339269935,-0.28271474619405307,1.0027130670508364,-0.07947010376139026,2.3306325302276463,-0.5194175320660235
0.6507136413563399,0.6044216007324547,-0.9244017795794399,2.2969849696384452,-0.20640257295975073,0.3279217614859821
-1.4818132690069545,-0.44107084291798204,-0.028469160762389725,-1.0195893800463072,1.958418417185894,-3.087198172575303
0.5084165599001819,-0.07275083013539405,0.24114611226506846,1.0480905376121536,0.8817878332827463,1.8696823617648028
-0.9944831593696678,-0.6210301935923057,-0.1585360563661547,1.9340287995016738,-0.7993727171855548,-0.5292496550053307
-1.0112728243893554,-0.7091092929596432,-0.24147673133306904,2.1801193213191503,-0.7484204174288872,-0.45384798260045406
0.13643753049766855,-0.8427924918939681,-0.7727164185866036,1.6085644332355078,-0.8003739729520165,2.683563179810411
0.8470769252361839,1.1850090420783372,-0.2564088747879237,1.1850079505296571,-0.28297996690063787,1.051006690479543
-0.13610633534777436,-0.5802975448810729,0.4923503439032606,-1.1943016145209946,-0.6307547553066222,1.8858407610403498
-1.5312744824257858,-0.6523562659481087,-0.9378397086002669,0.39569370846608193,-0.8788742080849802,-3.501771106420138
-0.8720845988340122,0.22033899762133985,-0.817225141463727,0.43053981776902556,-1.1256631737228235,-4.090624500419886
-0.06574566810790652,0.45496663378822405,0.7238380846664461,-0.4081111235566536,-2.310128610572634,-0.4675438531131909
0.777912165146624,0.9440372470846179,-0.10374156711121532,1.7352571837261177,1.467783669944967,0.8952491868015291
1.0114324001021016,0.017086122894269806,0.1805072979455301,2.333104923823359,-1.1074302128235674,3.8692013502540634
0.5978820960713506,-0.26715337141727435,-0.056632047008404754,1.0400671628946518,2.827989637601489,1.0983894349984005
0.9111904888242846,1.6875808072946532,0.26703619815845764,-1.0413184113354326,0.31110265182700486,-0.292656924371719
0.0215273553805295,-0.704367365698044,-0.4374383312731637,1.4511614063564986,-0.5225362512578001,1.4647975610080584
1.0743189315453903,-0.9200856353098068,-0.9237443825106756,0.2072228493188587,-0.4092681502863712,2.9932253773301394
0.6495686661509488,-0.16976269572478447,-0.6711178088246322,0.15897393183815448,0.7448239684741675,1.2548305201963974
-0.5875120914715293,0.8292171908147448,-0.47629255796610653,0.9271369895070006,-0.46890466806152264,-3.5253271185723376
-0.09268490898938778,-0.22093729294625764,1.8516772597727291,0.7300596495589663,-1.271425450382405,2.8003521149032626
-0.5825425965166338,0.5325855369001394,-1.5143524249223996,1.0912008213445823,-1.0113826185279196,-4.057356170531944
-1.0994819468766452,-0.7672702232800317,0.267130581381206,-0.4425306285604286,-0.9412441157813007,-1.686547718497345
-1.2112117277609091,1.5265521744829424,-0.3081811113721158,-0.4331501199742001,-0.5383432456659484,-7.089279782806074
-0.6078336713756289,0.3328560121857713,-0.26284699847446613,0.6434885459848642,0.2889045710188393,-2.6603201894488215
0.048557813523472146,0.30085499395652293,0.9080408450170576,-1.1792834907638077,1.672882445747462,0.2832550002879843
-1.290916305027959,-2.272530360162057,1.5374487705356972,-0.5808371270425604,0.796956477674658,3.730904215148013
0.574124591262852,0.8579624912331343,1.553630366219323,-0.6861377139252557,-0.8588686396295852,2.0037238464670306
0.8184698454765572,0.5714334733486464,1.413666275723287,-0.6029550718692442,0.3273007832010178,2.757300227085907
-0.03910336257466497,1.4111323323124365,0.2538156074302795,0.6168010816474965,0.08560561002772948,-2.4948161400179374
0.7158880684555604,-0.2976380080065176,0.9990792078242018,0.2970648959814971,1.503339604150157,3.793515715044268
2.5927119156326492,1.0293725160784932,0.11170168703536622,-0.9323982687082654,1.0494471759639399,4.422262737976458
-1.063588854845861,-1.5213585770271618,-0.6629349432437334,0.3796020589053396,0.31044265947786576,0.5030423128214099
0.2892552775686975,-0.20163002644690825,0.3203370062797422,-0.5378381864759663,0.329848478719475,1.9239402776040455
-0.187697350364548,1.6767359710384167,0.3205828510037846,0.772779998634692,-1.257203367764321,-3.8450740651207385
-0.06153330544582492,-0.11930054403756261,-0.9723875639059545,-1.2705085893916352,-1.6379757421188388,-2.4724181955682933
-1.140232890787793,-1.4642125756762128,-0.3799843101580795,-0.2584879869171627,-1.4162352159274265,-0.4445497516483674
1.626484586915299,1.2870707294730384,1.040167077876443,0.9730801341827948,-2.4525330220170907,3.5555789655603007
0.7146156687157804,-1.0178727703653812,0.37900200676355417,-1.6156442478764017,-0.16984057490415536,4.154176991068593
0.11014739408981054,-0.8455461899123944,-0.8953685608607501,-1.9658518007515215,1.0821551238670264,-0.24245197507596739
1.371204155517298,-0.09316415043292858,0.3586437943649333,0.4925933210002645,-0.7928417405052992,5.00696503642316
-0.3822898351591162,-1.0201328488478392,-0.7342336747340051,1.156211247021268,-0.5402073744553119,0.5296857640022659
-0.6659038115141779,0.3276682634656928,-0.5991836352194215,-0.391873633844227,-0.10950152564836255,-4.107546095463042
-0.6229060480217987,0.5682599417059062,1.0528421015009473,0.5987424853062542,0.05389986270358893,-1.2311754420014702
0.7207435808340655,0.09026098207428196,1.9308868244469808,1.1672835227041976,-1.5417933999081426,5.35368392713783
1.0426888594485773,1.7675865090845542,0.5612493936855987,0.9625668906477152,-0.546743072340612,0.45907782036843126
2.094886625616326,2.7589159728950525,0.6500005589627668,0.29426855343336716,0.13558306163433773,-0.14717914836766366
0.17804805860746648,1.4078961620456747,-0.22259599547354098,0.8877870647241533,1.307616999571909,-2.619563806588025
0.199501582352026,0.10109041479871925,0.8732399764724267,1.437001888205474,-0.8975723941636601,1.6439675514922976
-0.13273914808588352,0.3574206569512599,-0.308299221257549,1.0386034183832558,0.47678891297843806,-0.3220389320497431
0.39684030792819475,-1.9450782329067764,-1.2486818330234497,-0.4692351072561776,0.3764986886791823,4.465795314799938
-0.06349727489195185,-0.15308074247178327,0.2617528796723104,0.4164307883748752,0.918258121784742,-0.5323882377155913
0.29957683907679283,0.8680926471566071,-0.2627398803999691,1.1988891709747427,0.8859648658734012,-0.9697823231602398
0.3910529545218884,1.0840667368824952,-1.6506727733959168,0.9731611501796061,0.09137683243067071,-2.9424468613664474
0.09975352024577121,-0.5761057910076455,0.5113728849682594,-0.5163299439639615,-2.2681217146632138,0.519418517967418
-0.17935409250963263,0.3797904956204753,-0.26997570832316414,0.2987496795028549,1.1356430813567997,-1.4374564352769377
0.25168692193404596,-0.2610969373239381,1.3883607492220775,0.3191403794263767,-0.7206241413449425,4.2172784185983385
0.6665909804902365,1.1087596083399742,0.457839013115355,0.11767620030276082,0.3902420111007991,-0.5197260308199527
-0.5148828546990528,0.6932603931728978,0.6971121665324469,-0.9002700683929595,-1.360320432541418,-2.6104612661871496
2.3976995038019497,1.5991891608864486,3.187657482086222,0.31983279400816916,-0.7724452331327258,7.675768570317702
-1.5023683569782071,-0.3245219465755088,-0.555521246646514,0.5994746462628712,1.5333467320014627,-4.775077292933594
-0.1712931341794606,-0.19698034044436175,-1.210367708653136,2.919697989103465,-0.7146890959069759,0.7151467144090677
1.0887133756558447,1.035230634596036,0.28528367917086395,-1.728976991121438,0.5655652330300199,-0.24892790267613119
0.10813351308711865,-0.21955179404260092,-1.2384105889150012,-0.34449226460757976,-2.0901659485124044,-0.2751279987760811
-1.2997702791860737,0.40713637668473424,0.3862135334610643,-1.194307864055153,0.14279139432514112,-4.696171080557374
-0.9959659152426934,-0.8871053847424158,-0.9659701782183341,-1.102604251755267,0.6849322511992746,-3.171539495698717
2.0296005919020383,1.7397666092368773,-0.6879546635626322,-1.5031784467425353,-0.6542109465306064,1.0925234702287858
1.0702189306869416,0.9258690210887036,-1.6586708349865071,-0.897717325032314,0.9192226875998308,-1.335310165326836
-0.7679143343216478,-2.122349618931425,-0.502690815936543,0.2726128399579343,-0.41371685525883645,0.6452741948156613
-0.0204142654698983,-0.24541457871702418,-0.5785557572944089,-0.1930864251992753,-0.06275080374916918,-0.9769618025528652
-1.150968884496047,-1.1907540349131278,0.6521237379003451,0.06497061230578374,0.32937549636660646,0.0058583255720099925
-0.83275316048569,1.117025365411314,-0.656313039595654,-0.3019272867813545,0.42842970697844046,-5.309584493253585
0.28481154711133644,0.42702523037332907,-0.7440683570639979,1.1407186582916935,-0.7096478194123369,-1.5914633134920002
1.2109894268914387,0.9828619589162654,1.2415950264494648,-0.41825188173924827,0.4871013397938039,3.5649222233670663
-0.5404595161245201,0.38451395106878583,-0.26272333163594364,-2.266245548121758,0.049746695689428355,-3.758653358360464
0.3838049161817774,0.3032213457530718,-0.6477899340525165,-0.7010055956182938,-2.5412841959056864,-0.5992310267610117
-0.1949729967798565,1.4879402261108896,-0.46377897391539463,0.6911300042855473,-0.2967373718269893,-3.9653310158501864
1.3749111508389393,0.02955709830326514,1.8835815498398625,2.264610543237515,0.5876597769017419,8.257641471376083
0.9674328159138895,0.8640263780833881,0.9932628073203489,0.2680071726768691,-2.1715852207034074,2.8404084328100923
-0.41686235551005363,0.23247890894740977,-1.1390599616789245,-0.024817787969004888,1.3520749491992554,-2.219786370574184
0.20331711428059915,-1.9137847554237934,0.25587366476003265,-0.6738002218361513,-0.7778649502447734,3.9758450044930385
-1.0425292991863915,-0.004448978601760467,-0.33729505015705397,1.6180414283169529,0.6288617274474199,-2.7985927868647154
-0.2227587249436413,0.40195035018999226,-1.4853009642673447,-0.6643896809119227,-0.2827117456832885,-3.026029191423548
0.34806629384557064,0.03559011400613732,-0.9007446108010457,-0.256527829690334,0.9409953421995118,-0.19379459703848184
-0.45365077928957886,0.4194527571557114,0.6911892334327204,-0.9510886643925801,0.089574076688871,-1.4130404881930376
-1.5090811039493328,-1.6007489552097927,-0.4497871087482322,-0.22975226068714807,-0.21157802542889848,-1.6249202049648308
0.7173487682777416,0.7103906246835239,-1.6679580164669836,1.7954925944594597,0.42993961381673884,-0.41905188482046923
0.0416841283705543,-1.1121781187898725,-0.47006265730245633,-1.2517549349502302,1.7159659596382872,2.1925429867181707
-1.8157495230077376,-1.2418169277159508,0.33213349158318306,-0.21908809015594513,-1.06830357426779,-2.197193761030023
-1.4031004019098685,-0.038037083163238394,1.8784973387539334,-0.8674260631508787,-1.2839057540752303,-1.7648746471068082
-0.057922825882135674,0.21179888849737982,0.2556209526337672,0.8784740375747221,-0.35232149077931224,-0.8441515348620755
-1.1528748924199221,-0.02592699162299994,-0.3312737693322384,-1.17833683678504,0.13510845920009326,-3.957758622471376
1.4106030128391207,1.0897947020819538,1.0881752489362606,1.3905533131607302,-2.2935676836931576,2.2616587180726
-0.19619986575232576,-0.6317936396818282,0.017842719414233255,-0.8193047797515187,1.0380942365222634,1.556973345304534
0.28593290131184895,-0.706966594914345,2.12641497658524,-0.5074409641081097,-1.994837041102966,5.3092252287952935
0.4429411390071211,1.4196011058169598,-0.4320881928442647,0.4372377317411331,-0.8445642752671975,-2.7420250309746748
-1.633699539041621,-2.174453606019458,-0.24350390954522522,-1.0596739274741085,-1.0327916442139702,-0.8261298059066247
1.0991762347909104,0.6430537592531453,1.9011707597759058,0.4902859439649837,0.7387664704804932,4.049514278774247
0.13341683552278039,-0.20929592287104148,0.6900470433167817,-0.5234517584382808,0.4235413871003789,1.501694234045882
-0.2400342800608655,-0.3392338484054528,0.6330576213417035,-0.2843800877763635,-0.5931253319056806,2.0439610672325115
0.9107396016446548,0.7894639391771702,0.8047076906184673,-0.411518446290329,0.3051097317168951,1.9622880170236625
-0.8465427547721188,-1.5408136737494886,-0.7609579580923858,0.9350342092174496,0.3481635603972151,-0.028162996102851445
0.16308935629396695,0.1812501888493745,1.192557801121632,-0.03598425883968797,-0.039725898665112724,2.1508153571458273
0.23574043976657547,-0.36284449825425547,0.30210255285325793,-0.8956493476756456,0.3449720051437997,1.66935686719092
-0.9206217872121482,0.42179170795859217,0.08888574169701731,-0.01293380739520566,0.5387306355344763,-3.4307808932832966
0.4294858419765358,0.42863245733495453,0.6490040252852171,-0.9543737767811702,-0.22310088148548182,1.3609393531795315
-0.4223803694336089,0.5742439650897223,1.3825435547787972,-1.8225769135561236,2.8043806093505275,-1.7492806306952011
-1.355572023658086,-0.6354723142094224,0.8252688459032173,0.3435919786441698,-0.4603317204808361,-1.3246111623681376
1.8071787742414458,-0.7681805535325622,-0.6390718734398819,-0.27734909687756987,-1.1789643306881201,6.35462360334224
-1.5177226353754683,-1.4094471733815497,0.6639284213549301,1.1194654151787369,-0.9033643571086273,1.0928322380708275
-0.3030120380183899,-0.34292533705475586,1.6236288571981408,-0.7222219810130104,-0.24567540707449542,1.0296063636408803
1.7653352442431782,-0.0926025723205125,1.0728150052287941,1.799300075464711,0.14125321478587433,6.550620382694404
1.1131434357346845,0.16937109865996186,1.9225455034578287,-0.8656784722917543,-0.2617668494050501,4.020519588936936
-1.1576511257253121,-0.7150274288505527,0.850044913729686,-0.5313435615228175,0.7984351661299058,-1.3247055724804002
-0.5310418655811203,-0.47455649794667115,1.1085132423361925,-0.8284278633222366,-0.2482599447518888,-0.32529220824791183
0.2368008559534411,0.41074098844620666,1.3614702997683632,0.5777770270294224,1.0593563315865682,1.1675766434220365
0.7579886910902274,-0.125589949197847,-0.8702430320458486,-0.4416230058774437,1.5348571572277319,1.4502807031167853
0.36321707300517164,0.029248791207698355,-0.6046513057406699,0.23955259846759713,0.7897579219069549,0.08876709714153469
0.5788393148703842,-0.45788838100779106,0.42991446869857863,-0.7031285297435237,0.48481344608650156,3.3262441026845835
0.34908845672071454,-0.23851576798681073,0.096738835664931,-0.561108618983271,0.8091280212672917,0.27125851405857326
2.0919962292632324,0.9471743189128792,-1.9689435481940702,-1.560507069317676,-0.1999661616806495,0.5022089939827947
1.117132179247368,0.4996504509842348,1.242009876765044,-0.568617471597911,-0.08340685308139627,2.510474074127373
1.382076845677964,1.229069081287749,0.7048891637777468,-0.8702408055030424,-0.9146599980493811,2.398635731170054
0.37308119608311185,-1.120812472830594,0.07859872533268054,-1.5961757665570202,0.636912586028638,3.59532211715381
0.7064176729674009,1.1319142268322209,-1.0165477611908342,-1.0091475384477084,0.8208192203648896,-3.2168279912439113
-1.0482886076806242,-2.068899323560957,1.988839231350242,-0.5593538712531089,1.345961438565366,4.1900985444132255
-0.6578915517110417,0.5142864497788306,-0.05268150149722962,1.1499789820138513,0.6783345556536949,-2.7148690195041625
0.7401402029420334,0.41218733078992065,-0.14519812556799028,0.2924124679918679,-1.2683030843767118,0.4487452865856302
-0.9256583507299696,0.504011955307989,-0.931318365444885,-0.36231497607629165,2.2219318086149107,-6.986454825446426
1.8454777712252401,2.6018897670338235,-1.483323214283177,-0.19515856780995045,1.6331919036862401,-1.43460509557519
0.8662280433335608,0.44012889503328867,-0.21266029919582408,0.11719583355890871,-1.739617596566001,1.2680431992380656
-0.25620568759095164,-0.2811820452263483,-1.193226204789914,1.2300066776321839,0.5779590428285692,-1.0769930362709546
0.06940083696507043,0.3728777904298862,-0.839675667088358,1.4276829841275351,0.4814666321973899,-1.8089220610382364
